{"processingTime":{"1":[632408.6920884971,1118662.1427128392,511194.24592991045,778059.0],"2":[511194.24592991045,778059.0,506215.11985176126,1118662.1427128392],"3":[506215.11985176126],"4":[506215.11985176126,1093763.8174622124,505938.4978191296],"5":[506215.11985176126,1093763.8174622124,505938.4978191296],"6":[506215.11985176126,1093763.8174622124,505938.4978191296,505938.4978191296],"7":[506215.11985176126,1093763.8174622124,505938.4978191296,778059.0,505938.4978191296,542926.586336044,470304.22834430716],"8":[1093763.8174622124,778059.0,326982.3954273779,518046.17050506355],"9":[1093763.8174622124,778059.0,326982.3954273779,518046.17050506355],"10":[1093763.8174622124,778059.0,326982.3954273779,518046.17050506355,778059.0]},"cost":{"1":[1680880.6452442536,1779231.2395027834,2377893.1005781177,1877349.1725225798],"2":[2377893.1005781177,1877349.1725225798,1620110.3011077293,1573531.1562203309],"3":[1211020.0249736165],"4":[1211020.0249736165,1180541.318501358,1412681.0281195398],"5":[1211020.0249736165,1180541.318501358,1412681.0281195398],"6":[1211020.0249736165,1180541.318501358,1412681.0281195398,1386607.6903662384],"7":[1211020.0249736165,1180541.318501358,1412681.0281195398,1063378.8304941044,1291099.429729865,1199850.968818448,1305343.7304197804],"8":[1180541.318501358,1063378.8304941044,1055528.6485692975,1590739.2917267526],"9":[1180541.318501358,1063378.8304941044,1055528.6485692975,1590739.2917267526],"10":[1180541.318501358,1063378.8304941044,1055528.6485692975,1590739.2917267526,1427730.5693688535]},"pollution":{"1":[1695467.2447517659,1448320.950233254,1317054.0136297934,1191546.6666040458],"2":[1317054.0136297934,1191546.6666040458,1342160.3509295476,1672582.8386461507],"3":[917902.8403788956],"4":[917902.8403788956,602118.7130665148,1144454.0147812949],"5":[917902.8403788956,602118.7130665148,1144454.0147812949],"6":[917902.8403788956,602118.7130665148,1144454.0147812949,1399333.3016432407],"7":[917902.8403788956,602118.7130665148,1144454.0147812949,735993.3703330634,1243428.2738077177,1078757.1495793322,1167318.3941741346],"8":[602118.7130665148,735993.3703330634,843095.0932108839,771429.3167622262],"9":[602118.7130665148,735993.3703330634,843095.0932108839,771429.3167622262],"10":[602118.7130665148,735993.3703330634,843095.0932108839,771429.3167622262,695690.9299485203]}}