{"processingTime":{"1":[584805.2528782004,533362.0852483055,518942.82126828807],"2":[584805.2528782004,518942.82126828807,533362.0852483055],"3":[584805.2528782004,518942.82126828807,533362.0852483055],"4":[584805.2528782004,533362.0852483055,516051.9668886632],"5":[584805.2528782004,533362.0852483055,516051.9668886632,513701.6179172661],"6":[584805.2528782004,533362.0852483055,516051.9668886632,513701.6179172661,540498.7713564194],"7":[516051.9668886632,513701.6179172661,526768.4085213033],"8":[516051.9668886632,513701.6179172661,526768.4085213033],"9":[516051.9668886632,513701.6179172661,526768.4085213033],"10":[516051.9668886632,513701.6179172661,526768.4085213033,778196.0]},"cost":{"1":[851365.9698961973,1390350.261598596,2665078.5267523206],"2":[851365.9698961973,2665078.5267523206,1390350.261598596],"3":[851365.9698961973,2665078.5267523206,1390350.261598596],"4":[851365.9698961973,1390350.261598596,1905537.3828804803],"5":[851365.9698961973,1390350.261598596,1905537.3828804803,2161456.498416014],"6":[851365.9698961973,1390350.261598596,1905537.3828804803,2161456.498416014,1520677.036730931],"7":[1905537.3828804803,2161456.498416014,783180.4654659835],"8":[1905537.3828804803,2161456.498416014,783180.4654659835],"9":[1905537.3828804803,2161456.498416014,783180.4654659835],"10":[1905537.3828804803,2161456.498416014,783180.4654659835,701994.3447579877]},"pollution":{"1":[1097641.8170943158,2043015.5777782446,2411128.9287619432],"2":[1097641.8170943158,2411128.9287619432,2043015.5777782446],"3":[1097641.8170943158,2411128.9287619432,2043015.5777782446],"4":[1097641.8170943158,2043015.5777782446,1516215.4055736742],"5":[1097641.8170943158,2043015.5777782446,1516215.4055736742,1793398.9672659626],"6":[1097641.8170943158,2043015.5777782446,1516215.4055736742,1793398.9672659626,1493866.9633995888],"7":[1516215.4055736742,1793398.9672659626,611817.3265383338],"8":[1516215.4055736742,1793398.9672659626,611817.3265383338],"9":[1516215.4055736742,1793398.9672659626,611817.3265383338],"10":[1516215.4055736742,1793398.9672659626,611817.3265383338,723778.7980365884]}}