{"processingTime":{"1":[697908.8472475648,693972.2402463605,650377.4597835443],"2":[227640.6858300437],"3":[378843.69871740794],"4":[324810.71158271236],"5":[504827.00017847464,1361432.0],"6":[284912.15394030046],"7":[507417.4084436681,446402.7604686111,517647.41783029004],"8":[505416.5191489362,386503.85779673763,509577.1314549417],"9":[385947.6223956755],"10":[379614.671431989,343983.70032787044]},"cost":{"1":[1492506.3767131756,1697426.3233844398,1744236.024212001],"2":[708479.4110828561],"3":[1198615.6399656618],"4":[1137642.6978851552],"5":[912806.6243546566,782437.0929762109],"6":[853155.7570694167],"7":[1181589.6625377377,1662009.1203200906,992664.8069938618],"8":[993473.8309345758,1635586.0099386568,902326.6823031949],"9":[1001063.5752319868],"10":[869800.5659855986,2280823.7566196]},"pollution":{"1":[1781144.8220247086,1571495.018010666,1518650.6692691837],"2":[605413.7822963565],"3":[1071860.894691241],"4":[1159296.6660043325],"5":[1189167.1123562204,1178918.3449698996],"6":[745370.5811154459],"7":[1444719.02321187,1640959.507993432,1042247.7397925426],"8":[796568.9200064645,1989736.7249161953,874305.0151898634],"9":[863453.5638070792],"10":[871814.3348091748,1774112.1943096523]}}